{
    "AS_Button_8ae0f72c524545b4826442596050e810": {
        "id": "AS_Button_8ae0f72c524545b4826442596050e810",
        "type": "ACTION_SEQUENCE",
        "params": [{
            "datatype": "collection",
            "name": "eventobject"
        }],
        "contextObj": {
            "name": "uwub6fa345d1d94544a81e90575c96760e",
            "type": "userwidgets",
            "KUID": "ub6fa345d1d94544a81e90575c96760e"
        },
        "language": "js",
        "actions": [{
            "id": "ADD_SNIPPET__e4e0768f96214491a2b615417d467d21",
            "type": "ADD_SNIPPET",
            "codeSnippet": "this.onClickOfBtnCancelSearch();",
            "parentId": null,
            "callbackType": null
        }]
    }
}