{
    "AS_Button_a7675983c97241d89d5c9d64c2c463ed": {
        "id": "AS_Button_a7675983c97241d89d5c9d64c2c463ed",
        "type": "ACTION_SEQUENCE",
        "params": [{
            "datatype": "collection",
            "name": "eventobject"
        }],
        "contextObj": {
            "name": "uwub6fa345d1d94544a81e90575c96760e",
            "type": "userwidgets",
            "KUID": "ub6fa345d1d94544a81e90575c96760e"
        },
        "language": "js",
        "actions": [{
            "id": "ADD_SNIPPET__i6a3cbfe217148d38d3a8de03417d90c",
            "type": "ADD_SNIPPET",
            "codeSnippet": "this.navigateFlex(this,\"100%\");\nthis.reanimateTheWidgetsInDetailsPage();\nthis.view.forceLayout();",
            "parentId": null,
            "callbackType": null
        }]
    }
}