{
    "AS_Button_2f2311ab56df4bcb90255411cc653ba8": {
        "id": "AS_Button_2f2311ab56df4bcb90255411cc653ba8",
        "type": "ACTION_SEQUENCE",
        "params": [{
            "datatype": "collection",
            "name": "eventobject"
        }],
        "contextObj": {
            "name": "uwub6fa345d1d94544a81e90575c96760e",
            "type": "userwidgets",
            "KUID": "ub6fa345d1d94544a81e90575c96760e"
        },
        "language": "js",
        "actions": [{
            "id": "ADD_SNIPPET__jc118850d6dd4f958e222ee395d52e1a",
            "type": "ADD_SNIPPET",
            "codeSnippet": "this.scrollSegmentToSelectedAlphabetIndex(this.view.M);",
            "parentId": null,
            "callbackType": null
        }]
    }
}