{
    "AS_Button_525aba9456de4505973f394a39ebe06f": {
        "id": "AS_Button_525aba9456de4505973f394a39ebe06f",
        "type": "ACTION_SEQUENCE",
        "params": [{
            "datatype": "collection",
            "name": "eventobject"
        }],
        "contextObj": {
            "name": "uwub6fa345d1d94544a81e90575c96760e",
            "type": "userwidgets",
            "KUID": "ub6fa345d1d94544a81e90575c96760e"
        },
        "language": "js",
        "actions": [{
            "id": "ADD_SNIPPET__ddb368b0b3104c04932c532b7d503c86",
            "type": "ADD_SNIPPET",
            "codeSnippet": "this.scrollSegmentToSelectedAlphabetIndex(this.view.W);",
            "parentId": null,
            "callbackType": null
        }]
    }
}