{
    "AS_Button_e50d94976f554145bfd3d183596795dc": {
        "id": "AS_Button_e50d94976f554145bfd3d183596795dc",
        "type": "ACTION_SEQUENCE",
        "params": [{
            "datatype": "collection",
            "name": "eventobject"
        }],
        "contextObj": {
            "name": "uwub6fa345d1d94544a81e90575c96760e",
            "type": "userwidgets",
            "KUID": "ub6fa345d1d94544a81e90575c96760e"
        },
        "language": "js",
        "actions": [{
            "id": "ADD_SNIPPET__jf39e983ba8040b8a6eb5175aa1bf935",
            "type": "ADD_SNIPPET",
            "codeSnippet": "this.scrollSegmentToSelectedAlphabetIndex(this.view.X);",
            "parentId": null,
            "callbackType": null
        }]
    }
}