{
    "AS_Button_d92efd30bda54b40b720aadde921b0cc": {
        "id": "AS_Button_d92efd30bda54b40b720aadde921b0cc",
        "type": "ACTION_SEQUENCE",
        "params": [{
            "datatype": "collection",
            "name": "eventobject"
        }],
        "contextObj": {
            "name": "uwub6fa345d1d94544a81e90575c96760e",
            "type": "userwidgets",
            "KUID": "ub6fa345d1d94544a81e90575c96760e"
        },
        "language": "js",
        "actions": [{
            "id": "ADD_SNIPPET__caec7e1e2f7d464aa08c128a8cf79480",
            "type": "ADD_SNIPPET",
            "codeSnippet": "this.scrollSegmentToSelectedAlphabetIndex(this.view.R);",
            "parentId": null,
            "callbackType": null
        }]
    }
}