{
    "AS_Button_eaecaed3b3a24c6a9525db09ce2f3e97": {
        "id": "AS_Button_eaecaed3b3a24c6a9525db09ce2f3e97",
        "type": "ACTION_SEQUENCE",
        "params": [{
            "datatype": "collection",
            "name": "eventobject"
        }],
        "contextObj": {
            "name": "uwub6fa345d1d94544a81e90575c96760e",
            "type": "userwidgets",
            "KUID": "ub6fa345d1d94544a81e90575c96760e"
        },
        "language": "js",
        "actions": [{
            "id": "ADD_SNIPPET__f737d57bbaf54c12b9ea438690097861",
            "type": "ADD_SNIPPET",
            "codeSnippet": "this.scrollSegmentToSelectedAlphabetIndex(this.view.D);",
            "parentId": null,
            "callbackType": null
        }]
    }
}