{
    "AS_Button_05e3d2b7814d48a79d00b09f2d6694ca": {
        "id": "AS_Button_05e3d2b7814d48a79d00b09f2d6694ca",
        "type": "ACTION_SEQUENCE",
        "params": [{
            "datatype": "collection",
            "name": "eventobject"
        }],
        "contextObj": {
            "name": "uwub6fa345d1d94544a81e90575c96760e",
            "type": "userwidgets",
            "KUID": "ub6fa345d1d94544a81e90575c96760e"
        },
        "language": "js",
        "actions": [{
            "id": "ADD_SNIPPET__e4bc5fe34e084a36bb5e412da54fe1e0",
            "type": "ADD_SNIPPET",
            "codeSnippet": "this.scrollSegmentToSelectedAlphabetIndex(this.view.C);",
            "parentId": null,
            "callbackType": null
        }]
    }
}