{
    "AS_Button_d4ff031c82d54a94a6f71561a03380bd": {
        "id": "AS_Button_d4ff031c82d54a94a6f71561a03380bd",
        "type": "ACTION_SEQUENCE",
        "params": [{
            "datatype": "collection",
            "name": "eventobject"
        }],
        "contextObj": {
            "name": "uwa4111ee47c4a412db70eb51f1d6127ad",
            "type": "userwidgets",
            "KUID": "a4111ee47c4a412db70eb51f1d6127ad"
        },
        "language": "js",
        "actions": [{
            "id": "ADD_SNIPPET__a02fd03cb3f4496ba3787aed8113b9c8",
            "type": "ADD_SNIPPET",
            "codeSnippet": "this.onClickPlayButton(eventobject.id);",
            "parentId": null,
            "callbackType": null
        }]
    }
}