{
    "AS_Button_j3534a2dfdb44b27bd7c27e665747f8b": {
        "id": "AS_Button_j3534a2dfdb44b27bd7c27e665747f8b",
        "type": "ACTION_SEQUENCE",
        "params": [{
            "datatype": "collection",
            "name": "eventobject"
        }],
        "contextObj": {
            "name": "uwub6fa345d1d94544a81e90575c96760e",
            "type": "userwidgets",
            "KUID": "ub6fa345d1d94544a81e90575c96760e"
        },
        "language": "js",
        "actions": [{
            "id": "ADD_SNIPPET__ja42df7b04f44516b686ec7578a113f5",
            "type": "ADD_SNIPPET",
            "codeSnippet": "this.scrollSegmentToSelectedAlphabetIndex(this.view.V);",
            "parentId": null,
            "callbackType": null
        }]
    }
}