{
    "AS_Button_bb891907fa294fc8b937c8dd200d86f6": {
        "id": "AS_Button_bb891907fa294fc8b937c8dd200d86f6",
        "type": "ACTION_SEQUENCE",
        "params": [{
            "datatype": "collection",
            "name": "eventobject"
        }],
        "contextObj": {
            "type": "userwidgets",
            "KUID": "uf338773fa22443dac15facfdc0bf29b"
        },
        "language": "js",
        "actions": [{
            "id": "ADD_SNIPPET__f12faad6616443888b743a096beb8f77",
            "type": "ADD_SNIPPET",
            "codeSnippet": "this.touchEnableAction();",
            "parentId": null,
            "callbackType": null
        }]
    }
}