{
    "AS_Button_gc36daea3f5c411d858be0abe1a88a84": {
        "id": "AS_Button_gc36daea3f5c411d858be0abe1a88a84",
        "type": "ACTION_SEQUENCE",
        "params": [{
            "datatype": "collection",
            "name": "eventobject"
        }],
        "contextObj": {
            "name": "uwub6fa345d1d94544a81e90575c96760e",
            "type": "userwidgets",
            "KUID": "ub6fa345d1d94544a81e90575c96760e"
        },
        "language": "js",
        "actions": [{
            "id": "ADD_SNIPPET__e342986f915e48dda9a0bdfa1afebdab",
            "type": "ADD_SNIPPET",
            "codeSnippet": "this.scrollSegmentToSelectedAlphabetIndex(this.view.B);",
            "parentId": null,
            "callbackType": null
        }]
    }
}