{
    "AS_Button_aac22fd2eb29478caaec3246f927337c": {
        "id": "AS_Button_aac22fd2eb29478caaec3246f927337c",
        "type": "ACTION_SEQUENCE",
        "params": [{
            "datatype": "collection",
            "name": "eventobject"
        }],
        "contextObj": {
            "name": "uwub6fa345d1d94544a81e90575c96760e",
            "type": "userwidgets",
            "KUID": "ub6fa345d1d94544a81e90575c96760e"
        },
        "language": "js",
        "actions": [{
            "id": "ADD_SNIPPET__f87c91a0553947d780748b9b1e17a746",
            "type": "ADD_SNIPPET",
            "codeSnippet": "this.scrollSegmentToSelectedAlphabetIndex(this.view.J);",
            "parentId": null,
            "callbackType": null
        }]
    }
}