{
    "AS_Button_419868d2d00b4517817d5921fbdc0b91": {
        "id": "AS_Button_419868d2d00b4517817d5921fbdc0b91",
        "type": "ACTION_SEQUENCE",
        "params": [{
            "datatype": "collection",
            "name": "eventobject"
        }],
        "contextObj": {
            "name": "uwub6fa345d1d94544a81e90575c96760e",
            "type": "userwidgets",
            "KUID": "ub6fa345d1d94544a81e90575c96760e"
        },
        "language": "js",
        "actions": [{
            "id": "ADD_SNIPPET__f88657fa50f74f139ce9746911acd3e3",
            "type": "ADD_SNIPPET",
            "codeSnippet": "this.scrollSegmentToSelectedAlphabetIndex(this.view.N);",
            "parentId": null,
            "callbackType": null
        }]
    }
}