{
    "AS_Button_e99cc2125cb84ba2817d681aad3873d2": {
        "id": "AS_Button_e99cc2125cb84ba2817d681aad3873d2",
        "type": "ACTION_SEQUENCE",
        "params": [{
            "datatype": "collection",
            "name": "eventobject"
        }],
        "contextObj": {
            "name": "uwub6fa345d1d94544a81e90575c96760e",
            "type": "userwidgets",
            "KUID": "ub6fa345d1d94544a81e90575c96760e"
        },
        "language": "js",
        "actions": [{
            "id": "ADD_SNIPPET__c81dcd41ec214fd3a5244378ef6892a0",
            "type": "ADD_SNIPPET",
            "codeSnippet": "this.scrollSegmentToSelectedAlphabetIndex(this.view.S);",
            "parentId": null,
            "callbackType": null
        }]
    }
}