{
    "AS_Button_098e189ae6a341f7bc9f2060f3f6d37c": {
        "id": "AS_Button_098e189ae6a341f7bc9f2060f3f6d37c",
        "type": "ACTION_SEQUENCE",
        "params": [{
            "datatype": "collection",
            "name": "eventobject"
        }],
        "contextObj": {
            "type": "userwidgets",
            "KUID": "uf338773fa22443dac15facfdc0bf29b"
        },
        "language": "js",
        "actions": [{
            "id": "ADD_SNIPPET__ibc6b89e72a44562b43c336fc8dc7816",
            "type": "ADD_SNIPPET",
            "codeSnippet": "this.touchCancelAction();",
            "parentId": null,
            "callbackType": null
        }]
    }
}