{
    "AS_FlexContainer_ia857350c99f4ec4b9646fc5da3a88f6": {
        "id": "AS_FlexContainer_ia857350c99f4ec4b9646fc5da3a88f6",
        "type": "ACTION_SEQUENCE",
        "params": [{
            "datatype": "collection",
            "name": "eventobject"
        }],
        "contextObj": {
            "type": "userwidgets",
            "KUID": "udc9c8c826b948c884ba46c8f47795a4"
        },
        "language": "js",
        "actions": [{
            "id": "ADD_SNIPPET__d871bd9397854a9ba6714dd3a1c8ffe1",
            "type": "ADD_SNIPPET",
            "codeSnippet": "kony.store.setItem(\"inputType\",\"social\");\nthis.invokeIdentityService(\"reusableLinkedinLogin\");\n",
            "parentId": null,
            "callbackType": null
        }]
    }
}