{
    "AS_FlexContainer_b5521cf6da13495c91d2af5370932a69": {
        "id": "AS_FlexContainer_b5521cf6da13495c91d2af5370932a69",
        "type": "ACTION_SEQUENCE",
        "params": [{
            "datatype": "collection",
            "name": "eventobject"
        }],
        "contextObj": {
            "name": "uwub6fa345d1d94544a81e90575c96760e",
            "type": "userwidgets",
            "KUID": "ub6fa345d1d94544a81e90575c96760e"
        },
        "language": "js",
        "actions": [{
            "id": "ADD_SNIPPET__bc383a0dfff4476bafd196b290f16fcb",
            "type": "ADD_SNIPPET",
            "codeSnippet": "this.onClickOfCallFlex(this.view.lblCallWorkValue.text);",
            "parentId": null,
            "callbackType": null
        }]
    }
}