{
    "AS_FlexContainer_c1889801e50245af819017fdb980bed6": {
        "id": "AS_FlexContainer_c1889801e50245af819017fdb980bed6",
        "type": "ACTION_SEQUENCE",
        "params": [{
            "datatype": "collection",
            "name": "eventobject"
        }],
        "contextObj": {
            "type": "userwidgets",
            "KUID": "udc9c8c826b948c884ba46c8f47795a4"
        },
        "language": "js",
        "actions": [{
            "id": "ADD_SNIPPET__e5015dd48f4c46a19d566aee6f9c8883",
            "type": "ADD_SNIPPET",
            "codeSnippet": "kony.store.setItem(\"inputType\",\"social\");\nthis.invokeIdentityService(\"reusableFacebookLogin\");\n",
            "parentId": null,
            "callbackType": null
        }]
    }
}