{
    "AS_FlexContainer_25ea44184b88449db14f0d58103619d6": {
        "id": "AS_FlexContainer_25ea44184b88449db14f0d58103619d6",
        "type": "ACTION_SEQUENCE",
        "params": [{
            "datatype": "collection",
            "name": "eventobject"
        }],
        "contextObj": {
            "name": "uwub6fa345d1d94544a81e90575c96760e",
            "type": "userwidgets",
            "KUID": "ub6fa345d1d94544a81e90575c96760e"
        },
        "language": "js",
        "actions": [{
            "id": "ADD_SNIPPET__g7cbed35ff1e49ef893f95aa95fb6488",
            "type": "ADD_SNIPPET",
            "codeSnippet": "this.view.segEmployees.setData([]);",
            "parentId": null,
            "callbackType": null
        }]
    }
}