{
    "AS_FlexContainer_ec1a97cd08a34418b3de08d72eed4d7d": {
        "id": "AS_FlexContainer_ec1a97cd08a34418b3de08d72eed4d7d",
        "type": "ACTION_SEQUENCE",
        "params": [{
            "datatype": "collection",
            "name": "eventobject"
        }],
        "contextObj": {
            "name": "uwub6fa345d1d94544a81e90575c96760e",
            "type": "userwidgets",
            "KUID": "ub6fa345d1d94544a81e90575c96760e"
        },
        "language": "js",
        "actions": [{
            "id": "ADD_SNIPPET__e2024ce400e44b368b8451fbfca4f55e",
            "type": "ADD_SNIPPET",
            "codeSnippet": "this.onClickOfEmailFlex();",
            "parentId": null,
            "callbackType": null
        }]
    }
}