{
    "AS_FlexContainer_f9a4ec7ddd994719b54948ff532e6ce0": {
        "id": "AS_FlexContainer_f9a4ec7ddd994719b54948ff532e6ce0",
        "type": "ACTION_SEQUENCE",
        "params": [{
            "datatype": "collection",
            "name": "eventobject"
        }],
        "contextObj": {
            "name": "uwa4111ee47c4a412db70eb51f1d6127ad",
            "type": "userwidgets",
            "KUID": "a4111ee47c4a412db70eb51f1d6127ad"
        },
        "language": "js",
        "actions": [{
            "id": "ADD_SNIPPET__ee3db4bdf009401bbda37393f91bda01",
            "type": "ADD_SNIPPET",
            "codeSnippet": "// if(this.view.rchTextDesc.isVisible === true)\n//   this.onClickDisappear(eventobject);\n// else\n//   this.onClickDisplay(eventobject);\nthis.showAccord(eventobject.id);",
            "parentId": null,
            "callbackType": null
        }]
    }
}