{
    "AS_FlexContainer_c048300a3ec34ffd93bc4493926ec85e": {
        "id": "AS_FlexContainer_c048300a3ec34ffd93bc4493926ec85e",
        "type": "ACTION_SEQUENCE",
        "params": [{
            "datatype": "collection",
            "name": "eventobject"
        }],
        "contextObj": {
            "name": "uwa4111ee47c4a412db70eb51f1d6127ad",
            "type": "userwidgets",
            "KUID": "a4111ee47c4a412db70eb51f1d6127ad"
        },
        "language": "js",
        "actions": [{
            "id": "ADD_SNIPPET__f1e1503ea0ac42de8ae712b2b7611212",
            "type": "ADD_SNIPPET",
            "codeSnippet": "// if(this.view.lblCodeSnippet.isVisible === true)\n//   this.onClickDisappear(eventobject);\n// else\n//   this.onClickDisplay(eventobject);\nthis.showAccord(eventobject.id);",
            "parentId": null,
            "callbackType": null
        }]
    }
}