{
    "AS_FlexContainer_c4c3723b7a784d01aa5c85a736e3da3c": {
        "id": "AS_FlexContainer_c4c3723b7a784d01aa5c85a736e3da3c",
        "type": "ACTION_SEQUENCE",
        "params": [{
            "datatype": "collection",
            "name": "eventobject"
        }],
        "contextObj": {
            "name": "uwub6fa345d1d94544a81e90575c96760e",
            "type": "userwidgets",
            "KUID": "ub6fa345d1d94544a81e90575c96760e"
        },
        "language": "js",
        "actions": [{
            "id": "ADD_SNIPPET__i2831b54f3644ff8b7fb5e6d1f547e1d",
            "type": "ADD_SNIPPET",
            "codeSnippet": "//alert();",
            "parentId": null,
            "callbackType": null
        }]
    }
}