{
    "AS_FlexContainer_9b53fb48875d448dad4f525d0393d1a0": {
        "id": "AS_FlexContainer_9b53fb48875d448dad4f525d0393d1a0",
        "type": "ACTION_SEQUENCE",
        "params": [{
            "datatype": "collection",
            "name": "eventobject"
        }],
        "contextObj": {
            "name": "uwuf6e3557d18e4dac8ff79ade6a3b1f25",
            "type": "userwidgets",
            "KUID": "uf6e3557d18e4dac8ff79ade6a3b1f25"
        },
        "language": "js",
        "actions": [{
            "id": "ADD_SNIPPET__a32fffbd211c4ab5a6a5151f4dd4ea1b",
            "type": "ADD_SNIPPET",
            "codeSnippet": "this.remembermeSelection();",
            "parentId": null,
            "callbackType": null
        }]
    }
}