{
    "AS_Image_aa93ed974ebb4c78a4637108887cdc72": {
        "id": "AS_Image_aa93ed974ebb4c78a4637108887cdc72",
        "type": "ACTION_SEQUENCE",
        "params": [{
            "datatype": "collection",
            "name": "eventobject"
        }, {
            "datatype": "string",
            "name": "x"
        }, {
            "datatype": "string",
            "name": "y"
        }],
        "contextObj": {
            "name": "uwuf6e3557d18e4dac8ff79ade6a3b1f25",
            "type": "userwidgets",
            "KUID": "uf6e3557d18e4dac8ff79ade6a3b1f25"
        },
        "language": "js",
        "actions": [{
            "id": "ADD_SNIPPET__hc71621abaa8457b89a02a53b801ce78",
            "type": "ADD_SNIPPET",
            "codeSnippet": "kony.store.setItem(\"inputType\",\"social\");\nthis.invokeIdentityService(\"reusableGoogleLogin\");\n",
            "parentId": null,
            "callbackType": null
        }]
    }
}