{
    "AS_Image_5065bad199454e618a803d8865c8171b": {
        "id": "AS_Image_5065bad199454e618a803d8865c8171b",
        "type": "ACTION_SEQUENCE",
        "params": [{
            "datatype": "collection",
            "name": "eventobject"
        }, {
            "datatype": "string",
            "name": "x"
        }, {
            "datatype": "string",
            "name": "y"
        }],
        "contextObj": {
            "name": "uwuf6e3557d18e4dac8ff79ade6a3b1f25",
            "type": "userwidgets",
            "KUID": "uf6e3557d18e4dac8ff79ade6a3b1f25"
        },
        "language": "js",
        "actions": [{
            "id": "ADD_SNIPPET__b1171f4e433f4b6cb22f85c161afba8c",
            "type": "ADD_SNIPPET",
            "codeSnippet": "kony.store.setItem(\"inputType\",\"social\");\nthis.invokeIdentityService(\"reusableLinkedinLogin\");\n",
            "parentId": null,
            "callbackType": null
        }]
    }
}