{
    "AS_TextField_0a3b861b491744a88711ddf9aafda4c2": {
        "id": "AS_TextField_0a3b861b491744a88711ddf9aafda4c2",
        "type": "ACTION_SEQUENCE",
        "params": [{
            "datatype": "collection",
            "name": "eventobject"
        }, {
            "datatype": "string",
            "name": "changedtext"
        }],
        "contextObj": {
            "type": "userwidgets",
            "KUID": "uf338773fa22443dac15facfdc0bf29b"
        },
        "language": "js",
        "actions": [{
            "id": "ADD_SNIPPET__d4ba0462fc85420bade9f7cb7f32484a",
            "type": "ADD_SNIPPET",
            "codeSnippet": "this.onDoneCredentials(this.view.lblPassword);",
            "parentId": null,
            "callbackType": null
        }]
    }
}