{
    "AS_TextField_33458d134ae7436794d94cabc1dec24c": {
        "id": "AS_TextField_33458d134ae7436794d94cabc1dec24c",
        "type": "ACTION_SEQUENCE",
        "params": [{
            "datatype": "collection",
            "name": "eventobject"
        }, {
            "datatype": "string",
            "name": "changedtext"
        }],
        "contextObj": {
            "name": "uwub6fa345d1d94544a81e90575c96760e",
            "type": "userwidgets",
            "KUID": "ub6fa345d1d94544a81e90575c96760e"
        },
        "language": "js",
        "actions": [{
            "id": "ADD_SNIPPET__g7bc71f64458403ba433de8374b82937",
            "type": "ADD_SNIPPET",
            "codeSnippet": "this.onTextChangeAndDoneOfTbxSearch();",
            "parentId": null,
            "callbackType": null
        }]
    }
}