{
    "AS_TextField_addb224a01cd4b28a13b24b70471fed3": {
        "id": "AS_TextField_addb224a01cd4b28a13b24b70471fed3",
        "type": "ACTION_SEQUENCE",
        "params": [{
            "datatype": "collection",
            "name": "eventobject"
        }, {
            "datatype": "string",
            "name": "changedtext"
        }],
        "contextObj": {
            "type": "userwidgets",
            "KUID": "uf338773fa22443dac15facfdc0bf29b"
        },
        "language": "js",
        "actions": [{
            "id": "ADD_SNIPPET__a272dd4f35e446ca8ceffaa6a17544cc",
            "type": "ADD_SNIPPET",
            "codeSnippet": "this.onDoneCredentials(this.view.lblUsername);",
            "parentId": null,
            "callbackType": null
        }]
    }
}