{
    "AS_FlexContainer_g8ad215c2f794dd9a6407dae9e8e89f7": {
        "id": "AS_FlexContainer_g8ad215c2f794dd9a6407dae9e8e89f7",
        "type": "ACTION_SEQUENCE",
        "params": [{
            "datatype": "collection",
            "name": "eventobject"
        }],
        "contextObj": {
            "name": "frmHome",
            "type": "forms",
            "platform": "",
            "KUID": "cae7b8fbcfa54c92937e392d2a3830c8"
        },
        "language": "js",
        "actions": [{
            "id": "ADD_SNIPPET__af6f20a80d154558b9f2b6dd9e92edab",
            "type": "ADD_SNIPPET",
            "codeSnippet": "this.flxCoverOnClick();",
            "parentId": null,
            "callbackType": null
        }]
    }
}