{
    "AS_Form_c17533d709cc44b5b5de009a1ca0ae55": {
        "id": "AS_Form_c17533d709cc44b5b5de009a1ca0ae55",
        "type": "ACTION_SEQUENCE",
        "params": [{
            "datatype": "collection",
            "name": "eventobject"
        }],
        "contextObj": {
            "name": "frmKnwldgFrmwrk",
            "type": "forms",
            "platform": null,
            "KUID": "a9ef888c1cde4b7493d8b9576d63ac43"
        },
        "language": "js",
        "actions": [{
            "id": "ADD_SNIPPET__g0851ffeeb9f4051b6d2c6c0519b740f",
            "type": "ADD_SNIPPET",
            "codeSnippet": "this.onPreshow();",
            "parentId": null,
            "callbackType": null
        }]
    }
}