{
    "AS_UWI_da85fea2e2d9416687843c3f50b050da": {
        "id": "AS_UWI_da85fea2e2d9416687843c3f50b050da",
        "type": "ACTION_SEQUENCE",
        "params": [{
            "datatype": "collection",
            "name": "eventobject"
        }],
        "contextObj": {
            "name": "frmHome",
            "type": "forms",
            "platform": null,
            "KUID": "cae7b8fbcfa54c92937e392d2a3830c8"
        },
        "language": "js",
        "actions": [{
            "id": "ADD_SNIPPET__b6e323d98aa548fdb842ca933f233b7c",
            "type": "ADD_SNIPPET",
            "codeSnippet": "this.listFilterClick();",
            "parentId": null,
            "callbackType": null
        }]
    }
}