{
    "AS_UWI_i21bfeb9bd5846ea989bd4a69d2c451b": {
        "id": "AS_UWI_i21bfeb9bd5846ea989bd4a69d2c451b",
        "type": "ACTION_SEQUENCE",
        "params": [{
            "datatype": "collection",
            "name": "eventobject"
        }],
        "contextObj": {
            "name": "frmHome",
            "type": "forms",
            "platform": "",
            "KUID": "cae7b8fbcfa54c92937e392d2a3830c8"
        },
        "language": "js",
        "actions": [{
            "id": "ADD_SNIPPET__f0cc43a9bd6a4a8ca13faa5abd17eb37",
            "type": "ADD_SNIPPET",
            "codeSnippet": "this.listMenuClick();",
            "parentId": null,
            "callbackType": null
        }]
    }
}