{
    "AS_UWI_e5d10886c84341f4a574f5d2ad561fe4": {
        "id": "AS_UWI_e5d10886c84341f4a574f5d2ad561fe4",
        "type": "ACTION_SEQUENCE",
        "params": [{
            "datatype": "collection",
            "name": "eventobject"
        }],
        "contextObj": {
            "name": "frmHome",
            "type": "forms",
            "platform": "",
            "KUID": "cae7b8fbcfa54c92937e392d2a3830c8"
        },
        "language": "js",
        "actions": [{
            "id": "ADD_SNIPPET__de8e7d7fdb694d3380dbb4676da8e515",
            "type": "ADD_SNIPPET",
            "codeSnippet": "this.resetPosition();",
            "parentId": null,
            "callbackType": null
        }]
    }
}