{
    "AS_UWI_c29afeffbaa340aa9810961eb8520d4d": {
        "id": "AS_UWI_c29afeffbaa340aa9810961eb8520d4d",
        "type": "ACTION_SEQUENCE",
        "params": [{
            "datatype": "collection",
            "name": "eventobject"
        }],
        "contextObj": {
            "name": "frmHome",
            "type": "forms",
            "platform": "",
            "KUID": "cae7b8fbcfa54c92937e392d2a3830c8"
        },
        "language": "js",
        "actions": [{
            "id": "ADD_SNIPPET__dfa9c87c8289458eac8e2a6031313071",
            "type": "ADD_SNIPPET",
            "codeSnippet": "this.resetPosition();",
            "parentId": null,
            "callbackType": null
        }]
    }
}