{
    "AS_UWI_j6ba95c7ec2e4a058b51ad262ad4c6f3": {
        "id": "AS_UWI_j6ba95c7ec2e4a058b51ad262ad4c6f3",
        "type": "ACTION_SEQUENCE",
        "params": [{
            "datatype": "collection",
            "name": "eventobject"
        }],
        "contextObj": {
            "name": "frmHome",
            "type": "forms",
            "platform": "",
            "KUID": "cae7b8fbcfa54c92937e392d2a3830c8"
        },
        "language": "js",
        "actions": [{
            "id": "ADD_SNIPPET__c29e3d3a911c4bea9a939bd8fa315c84",
            "type": "ADD_SNIPPET",
            "codeSnippet": "this.menuClick();",
            "parentId": null,
            "callbackType": null
        }]
    }
}