{
    "android": {
        "font_name": "Roboto-Regular",
        "font_size": 150,
        "isForked": false
    },
    "background_color": "ffffff4c",
    "bg_type": "one",
    "border_color": "424242ff",
    "border_style": "plain",
    "border_type": 0,
    "border_width": 0,
    "desktopweb": {
        "font_name": "Helvetica",
        "font_size": 150,
        "isForked": false
    },
    "fontSizeInPx": false,
    "font_color": "ffffffff",
    "font_name": "Helvetica",
    "font_size": 150,
    "font_style": "normal",
    "font_weight": "normal",
    "ipad": {
        "font_name": "Helvetica",
        "font_size": 150,
        "isForked": false
    },
    "iphone": {
        "font_name": "SFUIText-Regular",
        "font_size": 150,
        "isForked": false
    },
    "isDefaultSkin": false,
    "kiosk": {
        "font_name": "FontAwesome",
        "font_size": 150,
        "isForked": false
    },
    "kuid": "s9670157ef0c4ada8b8a73ac8c71f78d",
    "spaan": {
        "font_name": "Helvetica",
        "font_size": 150,
        "isForked": false
    },
    "spaandroidtablet": {
        "font_name": "Helvetica",
        "font_size": 150,
        "isForked": false
    },
    "spabb": {
        "font_name": "Helvetica",
        "font_size": 150,
        "isForked": false
    },
    "spaip": {
        "font_name": "Helvetica",
        "font_size": 150,
        "isForked": false
    },
    "spaipad": {
        "font_name": "Helvetica",
        "font_size": 150,
        "isForked": false
    },
    "spawindowstablet": {
        "font_name": "Helvetica",
        "font_size": 150,
        "isForked": false
    },
    "spawinphone8": {
        "font_name": "Helvetica",
        "font_size": 150,
        "isForked": false
    },
    "tabrcandroid": {
        "font_name": "Helvetica",
        "font_size": 150,
        "isForked": false
    },
    "wType": "Label",
    "watchos": {
        "font_name": "Helvetica",
        "font_size": 150,
        "isForked": false
    },
    "windows8": {
        "font_name": "FontAwesome",
        "font_size": 150,
        "isForked": false
    },
    "winphone8": {
        "font_name": "FontAwesome",
        "font_size": 150,
        "isForked": false
    }
}