{
  "background_color": "00000000",
  "bg_type": "one",
  "border_color": "ffffff00",
  "border_radius": 100,
  "border_style": "custom",
  "border_type": 0,
  "border_width": 1,
  "delinkedPltfrms": {
    "desktop": [],
    "mobile": [
      "android"
    ],
    "tablet": [],
    "watch": []
  },
  "desktopweb": {
    "background_color": "ffffff00",
    "bg_type": "one",
    "bottom_left_border_color": "ffffffff",
    "bottom_left_border_style": "plain",
    "bottom_left_border_width": 1,
    "bottom_right_border_color": "ffffffff",
    "bottom_right_border_style": "plain",
    "bottom_right_border_width": 1,
    "isForked": true,
    "top_left_border_color": "ffffffff",
    "top_left_border_style": "plain",
    "top_left_border_width": 1,
    "top_right_border_color": "ffffffff",
    "top_right_border_style": "plain",
    "top_right_border_width": 1
  },
  "ipad": {
    "background_color": "ffffff00",
    "bg_type": "one",
    "border_color": "f2f2f2ff",
    "border_style": "cr",
    "border_type": 0,
    "border_width": 3,
    "isForked": true
  },
  "isDefaultSkin": false,
  "kiosk": {
    "background_color": "ffffff00",
    "bg_type": "one",
    "border_color": "f2f2f2ff",
    "border_style": "rc",
    "border_type": 0,
    "border_width": 3,
    "isForked": true
  },
  "kuid": "sc41e6f9e84b4561b5e0e58b98dea862",
  "spaandroidtablet": {
    "background_color": "ffffff00",
    "bg_type": "one",
    "bottom_left_border_color": "ffffffff",
    "bottom_left_border_style": "plain",
    "bottom_left_border_width": 1,
    "bottom_right_border_color": "ffffffff",
    "bottom_right_border_style": "plain",
    "bottom_right_border_width": 1,
    "isForked": true,
    "top_left_border_color": "ffffffff",
    "top_left_border_style": "plain",
    "top_left_border_width": 1,
    "top_right_border_color": "ffffffff",
    "top_right_border_style": "plain",
    "top_right_border_width": 1
  },
  "spaipad": {
    "background_color": "ffffff00",
    "bg_type": "one",
    "bottom_left_border_color": "ffffffff",
    "bottom_left_border_style": "plain",
    "bottom_left_border_width": 1,
    "bottom_right_border_color": "ffffffff",
    "bottom_right_border_style": "plain",
    "bottom_right_border_width": 1,
    "isForked": true,
    "top_left_border_color": "ffffffff",
    "top_left_border_style": "plain",
    "top_left_border_width": 1,
    "top_right_border_color": "ffffffff",
    "top_right_border_style": "plain",
    "top_right_border_width": 1
  },
  "spawindowstablet": {
    "background_color": "ffffff00",
    "bg_type": "one",
    "bottom_left_border_color": "ffffffff",
    "bottom_left_border_style": "plain",
    "bottom_left_border_width": 1,
    "bottom_right_border_color": "ffffffff",
    "bottom_right_border_style": "plain",
    "bottom_right_border_width": 1,
    "isForked": true,
    "top_left_border_color": "ffffffff",
    "top_left_border_style": "plain",
    "top_left_border_width": 1,
    "top_right_border_color": "ffffffff",
    "top_right_border_style": "plain",
    "top_right_border_width": 1
  },
  "tabrcandroid": {
    "background_color": "ffffff00",
    "bg_type": "one",
    "border_color": "f2f2f2ff",
    "border_style": "cr",
    "border_type": 0,
    "border_width": 3,
    "isForked": true
  },
  "wType": "FlexContainer",
  "windows8": {
    "background_color": "ffffff00",
    "bg_type": "one",
    "border_color": "f2f2f2ff",
    "border_style": "rc",
    "border_type": 0,
    "border_width": 3,
    "isForked": true
  }
}