{
    "android": {
        "font_name": "Nunito-Light",
        "font_size": 80,
        "isForked": false
    },
    "background_color": "00000000",
    "bg_type": "one",
    "border_color": "424242ff",
    "border_style": "plain",
    "border_type": 0,
    "border_width": 0,
    "desktopweb": {
        "font_name": "Helvetica",
        "font_size": 80,
        "isForked": false
    },
    "fontSizeInPx": false,
    "font_color": "90a4aeff",
    "font_name": "Helvetica",
    "font_size": 80,
    "font_style": "normal",
    "font_weight": "normal",
    "ipad": {
        "font_name": "ClanPro-Book",
        "font_size": 80,
        "isForked": false
    },
    "iphone": {
        "font_name": "Nunito-Light",
        "font_size": 80,
        "isForked": false
    },
    "isDefaultSkin": false,
    "kiosk": {
        "font_name": "GenericMonospace",
        "font_size": 80,
        "isForked": false
    },
    "kuid": "s80a10173ff04ba8bca2731cb768fc08",
    "spaan": {
        "font_name": "Nunito-Light",
        "font_size": 80,
        "isForked": false
    },
    "spaandroidtablet": {
        "font_name": "Helvetica",
        "font_size": 80,
        "isForked": false
    },
    "spabb": {
        "font_name": "Helvetica",
        "font_size": 80,
        "isForked": false
    },
    "spaip": {
        "font_name": "Nunito-Light",
        "font_size": 80,
        "isForked": false
    },
    "spaipad": {
        "font_name": "Helvetica",
        "font_size": 80,
        "isForked": false
    },
    "spawindowstablet": {
        "font_name": "Helvetica",
        "font_size": 80,
        "isForked": false
    },
    "spawinphone8": {
        "font_name": "Nunito-Light",
        "font_size": 80,
        "isForked": false
    },
    "tabrcandroid": {
        "font_name": "ClanPro-Book",
        "font_size": 80,
        "isForked": false
    },
    "wType": "Label",
    "watchos": {
        "font_name": "Helvetica",
        "font_size": 80,
        "isForked": false
    },
    "windows8": {
        "font_name": "GenericMonospace",
        "font_size": 80,
        "isForked": false
    },
    "winphone8": {
        "font_name": "Nunito-Light",
        "font_size": 80,
        "isForked": false
    }
}