{
    "android": {
        "font_size": 115,
        "isForked": false
    },
    "background_color": "00000000",
    "bg_type": "one",
    "border_color": "424242ff",
    "border_style": "plain",
    "border_type": 0,
    "border_width": 0,
    "desktopweb": {
        "font_size": 115,
        "isForked": false
    },
    "fontSizeInPx": false,
    "font_color": "42424254",
    "font_name": "Helvetica",
    "font_size": 115,
    "font_style": "normal",
    "font_weight": "normal",
    "ipad": {
        "font_size": 115,
        "isForked": false
    },
    "iphone": {
        "font_size": 115,
        "isForked": false
    },
    "isDefaultSkin": false,
    "kiosk": {
        "font_size": 115,
        "isForked": false
    },
    "kuid": "sc8e3a1ec3314199aa730ef5967d56b8",
    "spaan": {
        "font_size": 115,
        "isForked": false
    },
    "spaandroidtablet": {
        "font_size": 115,
        "isForked": false
    },
    "spabb": {
        "font_size": 115,
        "isForked": false
    },
    "spaip": {
        "font_size": 115,
        "isForked": false
    },
    "spaipad": {
        "font_size": 115,
        "isForked": false
    },
    "spawindowstablet": {
        "font_size": 115,
        "isForked": false
    },
    "spawinphone8": {
        "font_size": 115,
        "isForked": false
    },
    "tabrcandroid": {
        "font_size": 115,
        "isForked": false
    },
    "wType": "Label",
    "watchos": {
        "font_size": 115,
        "isForked": false
    },
    "windows8": {
        "font_size": 115,
        "isForked": false
    },
    "winphone8": {
        "font_size": 115,
        "isForked": false
    }
}