{
    "android": {
        "background_color": "ffb300ff",
        "bg_type": "one",
        "isForked": true
    },
    "background_color": "360d36ff",
    "bg_type": "one",
    "border_color": "424242ff",
    "border_style": "plain",
    "border_type": 0,
    "border_width": 0,
    "desktopweb": {
        "background_color": "ffb300ff",
        "bg_type": "one",
        "bottom_left_border_color": "424242ff",
        "bottom_left_border_style": "plain",
        "bottom_left_border_width": 0,
        "bottom_right_border_color": "424242ff",
        "bottom_right_border_style": "plain",
        "bottom_right_border_width": 0,
        "isForked": true,
        "top_left_border_color": "424242ff",
        "top_left_border_style": "plain",
        "top_left_border_width": 0,
        "top_right_border_color": "424242ff",
        "top_right_border_style": "plain",
        "top_right_border_width": 0
    },
    "font_color": "424242ff",
    "font_name": "Helvetica",
    "font_size": 215,
    "font_style": "normal",
    "font_weight": "normal",
    "ipad": {
        "background_color": "ffb300ff",
        "bg_type": "one",
        "isForked": true
    },
    "iphone": {
        "background_color": "ffb300ff",
        "bg_type": "one",
        "isForked": true
    },
    "isDefaultSkin": false,
    "kiosk": {
        "background_color": "ffb300ff",
        "bg_type": "one",
        "isForked": true
    },
    "kuid": "s98940a5622d482685762512a53d0d6f",
    "spaan": {
        "background_color": "ffb300ff",
        "bg_type": "one",
        "bottom_left_border_color": "424242ff",
        "bottom_left_border_style": "plain",
        "bottom_left_border_width": 0,
        "bottom_right_border_color": "424242ff",
        "bottom_right_border_style": "plain",
        "bottom_right_border_width": 0,
        "isForked": true,
        "top_left_border_color": "424242ff",
        "top_left_border_style": "plain",
        "top_left_border_width": 0,
        "top_right_border_color": "424242ff",
        "top_right_border_style": "plain",
        "top_right_border_width": 0
    },
    "spaandroidtablet": {
        "background_color": "ffb300ff",
        "bg_type": "one",
        "bottom_left_border_color": "424242ff",
        "bottom_left_border_style": "plain",
        "bottom_left_border_width": 0,
        "bottom_right_border_color": "424242ff",
        "bottom_right_border_style": "plain",
        "bottom_right_border_width": 0,
        "isForked": true,
        "top_left_border_color": "424242ff",
        "top_left_border_style": "plain",
        "top_left_border_width": 0,
        "top_right_border_color": "424242ff",
        "top_right_border_style": "plain",
        "top_right_border_width": 0
    },
    "spabb": {
        "background_color": "ffb300ff",
        "bg_type": "one",
        "bottom_left_border_color": "424242ff",
        "bottom_left_border_style": "plain",
        "bottom_left_border_width": 0,
        "bottom_right_border_color": "424242ff",
        "bottom_right_border_style": "plain",
        "bottom_right_border_width": 0,
        "isForked": true,
        "top_left_border_color": "424242ff",
        "top_left_border_style": "plain",
        "top_left_border_width": 0,
        "top_right_border_color": "424242ff",
        "top_right_border_style": "plain",
        "top_right_border_width": 0
    },
    "spaip": {
        "background_color": "ffb300ff",
        "bg_type": "one",
        "bottom_left_border_color": "424242ff",
        "bottom_left_border_style": "plain",
        "bottom_left_border_width": 0,
        "bottom_right_border_color": "424242ff",
        "bottom_right_border_style": "plain",
        "bottom_right_border_width": 0,
        "isForked": true,
        "top_left_border_color": "424242ff",
        "top_left_border_style": "plain",
        "top_left_border_width": 0,
        "top_right_border_color": "424242ff",
        "top_right_border_style": "plain",
        "top_right_border_width": 0
    },
    "spaipad": {
        "background_color": "ffb300ff",
        "bg_type": "one",
        "bottom_left_border_color": "424242ff",
        "bottom_left_border_style": "plain",
        "bottom_left_border_width": 0,
        "bottom_right_border_color": "424242ff",
        "bottom_right_border_style": "plain",
        "bottom_right_border_width": 0,
        "isForked": true,
        "top_left_border_color": "424242ff",
        "top_left_border_style": "plain",
        "top_left_border_width": 0,
        "top_right_border_color": "424242ff",
        "top_right_border_style": "plain",
        "top_right_border_width": 0
    },
    "spawindowstablet": {
        "background_color": "ffb300ff",
        "bg_type": "one",
        "bottom_left_border_color": "424242ff",
        "bottom_left_border_style": "plain",
        "bottom_left_border_width": 0,
        "bottom_right_border_color": "424242ff",
        "bottom_right_border_style": "plain",
        "bottom_right_border_width": 0,
        "isForked": true,
        "top_left_border_color": "424242ff",
        "top_left_border_style": "plain",
        "top_left_border_width": 0,
        "top_right_border_color": "424242ff",
        "top_right_border_style": "plain",
        "top_right_border_width": 0
    },
    "spawinphone8": {
        "background_color": "ffb300ff",
        "bg_type": "one",
        "bottom_left_border_color": "424242ff",
        "bottom_left_border_style": "plain",
        "bottom_left_border_width": 0,
        "bottom_right_border_color": "424242ff",
        "bottom_right_border_style": "plain",
        "bottom_right_border_width": 0,
        "isForked": true,
        "top_left_border_color": "424242ff",
        "top_left_border_style": "plain",
        "top_left_border_width": 0,
        "top_right_border_color": "424242ff",
        "top_right_border_style": "plain",
        "top_right_border_width": 0
    },
    "tabrcandroid": {
        "background_color": "ffb300ff",
        "bg_type": "one",
        "isForked": true
    },
    "wType": "Label",
    "windows8": {
        "background_color": "ffb300ff",
        "bg_type": "one",
        "isForked": true
    },
    "winphone8": {
        "background_color": "ffb300ff",
        "bg_type": "one",
        "isForked": true
    }
}