{
    "background_color": "00000000",
    "bg_type": "one",
    "border_color": "000000ff",
    "border_style": "plain",
    "border_type": 0,
    "border_width": 0,
    "delinkedPltfrms": {
        "desktop": [],
        "mobile": [],
        "tablet": [],
        "watch": []
    },
    "desktopweb": {
        "background_color": "8799ab00",
        "bg_type": "one",
        "bottom_left_border_color": "000000ff",
        "bottom_left_border_style": "plain",
        "bottom_left_border_width": 0,
        "bottom_right_border_color": "000000ff",
        "bottom_right_border_style": "plain",
        "bottom_right_border_width": 0,
        "isForked": true,
        "top_left_border_color": "000000ff",
        "top_left_border_style": "plain",
        "top_left_border_width": 0,
        "top_right_border_color": "000000ff",
        "top_right_border_style": "plain",
        "top_right_border_width": 0
    },
    "ipad": {
        "background_color": "8799ab00",
        "bg_type": "one",
        "border_color": "ffffffff",
        "border_style": "plain",
        "border_type": 0,
        "border_width": 0,
        "isForked": true
    },
    "isDefaultSkin": false,
    "kiosk": {
        "background_color": "8799ab00",
        "bg_type": "one",
        "border_color": "ffffffff",
        "border_style": "plain",
        "border_type": 0,
        "border_width": 0,
        "isForked": true
    },
    "kuid": "s6ba05560ea3435891b293dcac0f9943",
    "spaandroidtablet": {
        "background_color": "8799ab00",
        "bg_type": "one",
        "bottom_left_border_color": "000000ff",
        "bottom_left_border_style": "plain",
        "bottom_left_border_width": 0,
        "bottom_right_border_color": "000000ff",
        "bottom_right_border_style": "plain",
        "bottom_right_border_width": 0,
        "isForked": true,
        "top_left_border_color": "000000ff",
        "top_left_border_style": "plain",
        "top_left_border_width": 0,
        "top_right_border_color": "000000ff",
        "top_right_border_style": "plain",
        "top_right_border_width": 0
    },
    "spaipad": {
        "background_color": "8799ab00",
        "bg_type": "one",
        "bottom_left_border_color": "000000ff",
        "bottom_left_border_style": "plain",
        "bottom_left_border_width": 0,
        "bottom_right_border_color": "000000ff",
        "bottom_right_border_style": "plain",
        "bottom_right_border_width": 0,
        "isForked": true,
        "top_left_border_color": "000000ff",
        "top_left_border_style": "plain",
        "top_left_border_width": 0,
        "top_right_border_color": "000000ff",
        "top_right_border_style": "plain",
        "top_right_border_width": 0
    },
    "spawindowstablet": {
        "background_color": "8799ab00",
        "bg_type": "one",
        "bottom_left_border_color": "000000ff",
        "bottom_left_border_style": "plain",
        "bottom_left_border_width": 0,
        "bottom_right_border_color": "000000ff",
        "bottom_right_border_style": "plain",
        "bottom_right_border_width": 0,
        "isForked": true,
        "top_left_border_color": "000000ff",
        "top_left_border_style": "plain",
        "top_left_border_width": 0,
        "top_right_border_color": "000000ff",
        "top_right_border_style": "plain",
        "top_right_border_width": 0
    },
    "tabrcandroid": {
        "background_color": "8799ab00",
        "bg_type": "one",
        "border_color": "ffffffff",
        "border_style": "plain",
        "border_type": 0,
        "border_width": 0,
        "isForked": true
    },
    "wType": "FlexContainer",
    "windows8": {
        "background_color": "8799ab00",
        "bg_type": "one",
        "border_color": "ffffffff",
        "border_style": "plain",
        "border_type": 0,
        "border_width": 0,
        "isForked": true
    }
}