{
    "android": {
        "background_color": "fff8e100",
        "bg_type": "one",
        "font_color": "ffb300ff",
        "font_name": "Nunito-Medium",
        "font_size": 110,
        "isForked": true,
        "text_shadow": {
            "br": 0,
            "color": "000000ff",
            "nm": 0,
            "x": 0,
            "y": 0
        }
    },
    "background_color": "ffffff00",
    "bg_type": "one",
    "border_color": "ffffffff",
    "border_style": "plain",
    "border_type": 0,
    "border_width": 0,
    "desktopweb": {
        "background_color": "fff8e100",
        "bg_type": "one",
        "bottom_left_border_color": "ffffffff",
        "bottom_left_border_style": "plain",
        "bottom_left_border_width": 0,
        "bottom_right_border_color": "ffffffff",
        "bottom_right_border_style": "plain",
        "bottom_right_border_width": 0,
        "font_color": "ffb300ff",
        "font_name": "Helvetica",
        "font_size": 110,
        "isForked": true,
        "shadow": {
            "br": 2,
            "color": "000000ff",
            "inner": false,
            "nm": 0,
            "x": 0,
            "y": 2
        },
        "text_shadow": {
            "br": 0,
            "color": "000000ff",
            "nm": 0,
            "x": 0,
            "y": 0
        },
        "top_left_border_color": "ffffffff",
        "top_left_border_style": "plain",
        "top_left_border_width": 0,
        "top_right_border_color": "ffffffff",
        "top_right_border_style": "plain",
        "top_right_border_width": 0
    },
    "fontSizeInPx": false,
    "font_color": "ffb300ff",
    "font_name": "Helvetica",
    "font_size": 110,
    "font_style": "normal",
    "font_weight": "normal",
    "ipad": {
        "background_color": "fff8e100",
        "bg_type": "one",
        "font_color": "ffb300ff",
        "font_name": "ClanPro-News",
        "font_size": 110,
        "isForked": true,
        "text_shadow": {
            "br": 0,
            "color": "000000ff",
            "nm": 0,
            "x": 0,
            "y": 0
        }
    },
    "iphone": {
        "isForked": true
    },
    "isDefaultSkin": false,
    "kiosk": {
        "background_color": "fff8e100",
        "bg_type": "one",
        "font_color": "ffb300ff",
        "font_name": "GenericMonospace",
        "font_size": 110,
        "isForked": true
    },
    "kuid": "sc0dca9da8ea428292dc4257309a8275",
    "spaan": {
        "background_color": "fff8e100",
        "bg_type": "one",
        "bottom_left_border_color": "ffffffff",
        "bottom_left_border_style": "plain",
        "bottom_left_border_width": 0,
        "bottom_right_border_color": "ffffffff",
        "bottom_right_border_style": "plain",
        "bottom_right_border_width": 0,
        "font_color": "ffb300ff",
        "font_name": "Nunito-Medium",
        "font_size": 110,
        "isForked": true,
        "shadow": {
            "br": 2,
            "color": "000000ff",
            "inner": false,
            "nm": 0,
            "x": 0,
            "y": 2
        },
        "text_shadow": {
            "br": 0,
            "color": "000000ff",
            "nm": 0,
            "x": 0,
            "y": 0
        },
        "top_left_border_color": "ffffffff",
        "top_left_border_style": "plain",
        "top_left_border_width": 0,
        "top_right_border_color": "ffffffff",
        "top_right_border_style": "plain",
        "top_right_border_width": 0
    },
    "spaandroidtablet": {
        "background_color": "fff8e100",
        "bg_type": "one",
        "bottom_left_border_color": "ffffffff",
        "bottom_left_border_style": "plain",
        "bottom_left_border_width": 0,
        "bottom_right_border_color": "ffffffff",
        "bottom_right_border_style": "plain",
        "bottom_right_border_width": 0,
        "font_color": "ffb300ff",
        "font_name": "Helvetica",
        "font_size": 110,
        "isForked": true,
        "shadow": {
            "br": 2,
            "color": "000000ff",
            "inner": false,
            "nm": 0,
            "x": 0,
            "y": 2
        },
        "text_shadow": {
            "br": 0,
            "color": "000000ff",
            "nm": 0,
            "x": 0,
            "y": 0
        },
        "top_left_border_color": "ffffffff",
        "top_left_border_style": "plain",
        "top_left_border_width": 0,
        "top_right_border_color": "ffffffff",
        "top_right_border_style": "plain",
        "top_right_border_width": 0
    },
    "spabb": {
        "background_color": "fff8e100",
        "bg_type": "one",
        "bottom_left_border_color": "ffffffff",
        "bottom_left_border_style": "plain",
        "bottom_left_border_width": 0,
        "bottom_right_border_color": "ffffffff",
        "bottom_right_border_style": "plain",
        "bottom_right_border_width": 0,
        "font_color": "ffb300ff",
        "font_name": "Helvetica",
        "font_size": 110,
        "isForked": true,
        "shadow": {
            "br": 2,
            "color": "000000ff",
            "inner": false,
            "nm": 0,
            "x": 0,
            "y": 2
        },
        "text_shadow": {
            "br": 0,
            "color": "000000ff",
            "nm": 0,
            "x": 0,
            "y": 0
        },
        "top_left_border_color": "ffffffff",
        "top_left_border_style": "plain",
        "top_left_border_width": 0,
        "top_right_border_color": "ffffffff",
        "top_right_border_style": "plain",
        "top_right_border_width": 0
    },
    "spaip": {
        "background_color": "fff8e100",
        "bg_type": "one",
        "bottom_left_border_color": "ffffffff",
        "bottom_left_border_style": "plain",
        "bottom_left_border_width": 0,
        "bottom_right_border_color": "ffffffff",
        "bottom_right_border_style": "plain",
        "bottom_right_border_width": 0,
        "font_color": "ffb300ff",
        "font_name": "Nunito-Medium",
        "font_size": 110,
        "isForked": true,
        "shadow": {
            "br": 2,
            "color": "000000ff",
            "inner": false,
            "nm": 0,
            "x": 0,
            "y": 2
        },
        "text_shadow": {
            "br": 0,
            "color": "000000ff",
            "nm": 0,
            "x": 0,
            "y": 0
        },
        "top_left_border_color": "ffffffff",
        "top_left_border_style": "plain",
        "top_left_border_width": 0,
        "top_right_border_color": "ffffffff",
        "top_right_border_style": "plain",
        "top_right_border_width": 0
    },
    "spaipad": {
        "background_color": "fff8e100",
        "bg_type": "one",
        "bottom_left_border_color": "ffffffff",
        "bottom_left_border_style": "plain",
        "bottom_left_border_width": 0,
        "bottom_right_border_color": "ffffffff",
        "bottom_right_border_style": "plain",
        "bottom_right_border_width": 0,
        "font_color": "ffb300ff",
        "font_name": "Helvetica",
        "font_size": 110,
        "isForked": true,
        "shadow": {
            "br": 2,
            "color": "000000ff",
            "inner": false,
            "nm": 0,
            "x": 0,
            "y": 2
        },
        "text_shadow": {
            "br": 0,
            "color": "000000ff",
            "nm": 0,
            "x": 0,
            "y": 0
        },
        "top_left_border_color": "ffffffff",
        "top_left_border_style": "plain",
        "top_left_border_width": 0,
        "top_right_border_color": "ffffffff",
        "top_right_border_style": "plain",
        "top_right_border_width": 0
    },
    "spawindowstablet": {
        "background_color": "fff8e100",
        "bg_type": "one",
        "bottom_left_border_color": "ffffffff",
        "bottom_left_border_style": "plain",
        "bottom_left_border_width": 0,
        "bottom_right_border_color": "ffffffff",
        "bottom_right_border_style": "plain",
        "bottom_right_border_width": 0,
        "font_color": "ffb300ff",
        "font_name": "Helvetica",
        "font_size": 110,
        "isForked": true,
        "shadow": {
            "br": 2,
            "color": "000000ff",
            "inner": false,
            "nm": 0,
            "x": 0,
            "y": 2
        },
        "text_shadow": {
            "br": 0,
            "color": "000000ff",
            "nm": 0,
            "x": 0,
            "y": 0
        },
        "top_left_border_color": "ffffffff",
        "top_left_border_style": "plain",
        "top_left_border_width": 0,
        "top_right_border_color": "ffffffff",
        "top_right_border_style": "plain",
        "top_right_border_width": 0
    },
    "spawinphone8": {
        "background_color": "fff8e100",
        "bg_type": "one",
        "bottom_left_border_color": "ffffffff",
        "bottom_left_border_style": "plain",
        "bottom_left_border_width": 0,
        "bottom_right_border_color": "ffffffff",
        "bottom_right_border_style": "plain",
        "bottom_right_border_width": 0,
        "font_color": "ffb300ff",
        "font_name": "Nunito-Medium",
        "font_size": 110,
        "isForked": true,
        "shadow": {
            "br": 2,
            "color": "000000ff",
            "inner": false,
            "nm": 0,
            "x": 0,
            "y": 2
        },
        "text_shadow": {
            "br": 0,
            "color": "000000ff",
            "nm": 0,
            "x": 0,
            "y": 0
        },
        "top_left_border_color": "ffffffff",
        "top_left_border_style": "plain",
        "top_left_border_width": 0,
        "top_right_border_color": "ffffffff",
        "top_right_border_style": "plain",
        "top_right_border_width": 0
    },
    "tabrcandroid": {
        "background_color": "fff8e100",
        "bg_type": "one",
        "font_color": "ffb300ff",
        "font_name": "ClanPro-News",
        "font_size": 110,
        "isForked": true,
        "text_shadow": {
            "br": 0,
            "color": "000000ff",
            "nm": 0,
            "x": 0,
            "y": 0
        }
    },
    "wType": "Button",
    "watchos": {
        "background_color": "fff8e100",
        "bg_type": "one",
        "font_color": "ffb300ff",
        "font_name": "Helvetica",
        "font_size": 110,
        "isForked": true
    },
    "windows8": {
        "background_color": "fff8e100",
        "bg_type": "one",
        "font_color": "ffb300ff",
        "font_name": "GenericMonospace",
        "font_size": 110,
        "isForked": true
    },
    "winphone8": {
        "background_color": "fff8e100",
        "bg_type": "one",
        "font_color": "ffb300ff",
        "font_name": "Nunito-Medium",
        "font_size": 110,
        "isForked": true
    }
}