{
    "android": {
        "font_name": "Lato-Light"
    },
    "background_color": "ffffffff",
    "bg_type": "one",
    "border_color": "282828ff",
    "border_style": "plain",
    "border_type": 0,
    "border_width": 0,
    "desktopweb": {
        "font_name": "Helvetica"
    },
    "font_color": "30363fff",
    "font_name": "",
    "font_size": 107,
    "font_style": "normal",
    "font_weight": "normal",
    "ipad": {
        "font_name": "Lato-Light"
    },
    "iphone": {
        "font_name": "Lato-Light"
    },
    "isDefaultSkin": false,
    "kiosk": {
        "font_name": "GenericMonospace"
    },
    "kuid": "s3f17d2f76674936b237306c6ece0877",
    "spaan": {
        "font_name": "Helvetica"
    },
    "spaandroidtablet": {
        "font_name": "Helvetica"
    },
    "spabb": {
        "font_name": "Helvetica"
    },
    "spaip": {
        "font_name": "Helvetica"
    },
    "spaipad": {
        "font_name": "Helvetica"
    },
    "spawindowstablet": {
        "font_name": "Helvetica"
    },
    "spawinphone8": {
        "font_name": "Helvetica"
    },
    "tabrcandroid": {
        "font_name": "Lato-Light"
    },
    "wType": "TextField",
    "windows8": {
        "font_name": "GenericMonospace"
    },
    "winphone8": {
        "font_name": "GenericMonospace"
    }
}