{
    "active": 1,
    "comments": {
        "cae7b8fbcfa54c92937e392d2a3830c8": {
            "9eeb-584c-cc87-a0d3-72be-5102": {
                "commentId": "9eeb-584c-cc87-a0d3-72be-5102",
                "widgetId": "cae7b8fbcfa54c92937e392d2a3830c8",
                "formId": "cae7b8fbcfa54c92937e392d2a3830c8",
                "createdOn": 1510590213000,
                "createdById": "4c67b1c1-372b-4f75-9cbe-ec3a87b3aa6f",
                "createdBy": "Davan Gayle",
                "createdByEmail": "gayledavan@yahoo.com",
                "lastModifiedTime": 1510590213000,
                "comment": "hello",
                "commentSrc": "functional preview",
                "active": 1,
                "channel": "mobile"
            },
            "3004-d292-39a9-6480-f553-627a": {
                "commentId": "3004-d292-39a9-6480-f553-627a",
                "widgetId": "cae7b8fbcfa54c92937e392d2a3830c8",
                "formId": "cae7b8fbcfa54c92937e392d2a3830c8",
                "createdOn": 1510738827000,
                "createdById": "ad356423-6f0f-4ffe-b91c-ca6c626ad5a3",
                "createdBy": "Tetsuro Okabe",
                "createdByEmail": "tetsuro.okabe@kony.com",
                "lastModifiedTime": 1510738827000,
                "comment": "Hi there",
                "commentSrc": "visualizer",
                "active": 1,
                "channel": "mobile"
            },
            "43fa-18d5-0b40-8502-dde4-e3e1": {
                "commentId": "43fa-18d5-0b40-8502-dde4-e3e1",
                "widgetId": "cae7b8fbcfa54c92937e392d2a3830c8",
                "formId": "cae7b8fbcfa54c92937e392d2a3830c8",
                "createdOn": 1512498674000,
                "createdById": "6b1a2d65-7c68-4671-9815-5270eac3a13a",
                "createdBy": "tsar rybakvasya",
                "createdByEmail": "vcube.su@gmail.com",
                "lastModifiedTime": 1512498674000,
                "comment": "jfjfjf",
                "commentSrc": "functional preview",
                "active": 1,
                "channel": "mobile"
            }
        }
    },
    "projectGuid": "0d13bce8-6418-4b81-bd5a-0b0cdfa033bb",
    "accountGuid": "147abad9-e5d0-4108-ab0b-70743455dc49",
    "prototypeGuid": "YM9FB",
    "id": "cae7b8fbcfa54c92937e392d2a3830c8",
    "channel": "mobile",
    "createdOn": 1513754782415,
    "noteGuid": "38fc0595-cbae-4410-bcfb-cab05abdfaba",
    "synced_on": "2018-01-30T09:01:19.241Z"
}